persona,action,resource,backend_enforcement,status,evidence
sem papel explícito,index,ai_core.ai_memories,Transition roles; MFA=False,regra de transição comprovada; endpoint exige validação,modules/shared/domain_rules.py
sem papel explícito,update,ai_core.ai_memories,Transition roles; MFA=False,regra de transição comprovada; endpoint exige validação,modules/shared/domain_rules.py
administrator,approve_cost,ai_core.model_runs,Transition roles; MFA=True,regra de transição comprovada; endpoint exige validação,modules/shared/domain_rules.py
auditor,approve_cost,ai_core.model_runs,Transition roles; MFA=True,regra de transição comprovada; endpoint exige validação,modules/shared/domain_rules.py
compliance_officer,approve_cost,ai_core.model_runs,Transition roles; MFA=True,regra de transição comprovada; endpoint exige validação,modules/shared/domain_rules.py
legal_representative,approve_cost,ai_core.model_runs,Transition roles; MFA=True,regra de transição comprovada; endpoint exige validação,modules/shared/domain_rules.py
owner,approve_cost,ai_core.model_runs,Transition roles; MFA=True,regra de transição comprovada; endpoint exige validação,modules/shared/domain_rules.py
sem papel explícito,complete,ai_core.model_runs,Transition roles; MFA=False,regra de transição comprovada; endpoint exige validação,modules/shared/domain_rules.py
sem papel explícito,fail,ai_core.model_runs,Transition roles; MFA=False,regra de transição comprovada; endpoint exige validação,modules/shared/domain_rules.py
administrator,approve,ai_core.moderation_decisions,Transition roles; MFA=True,regra de transição comprovada; endpoint exige validação,modules/shared/domain_rules.py
auditor,approve,ai_core.moderation_decisions,Transition roles; MFA=True,regra de transição comprovada; endpoint exige validação,modules/shared/domain_rules.py
compliance_officer,approve,ai_core.moderation_decisions,Transition roles; MFA=True,regra de transição comprovada; endpoint exige validação,modules/shared/domain_rules.py
legal_representative,approve,ai_core.moderation_decisions,Transition roles; MFA=True,regra de transição comprovada; endpoint exige validação,modules/shared/domain_rules.py
owner,approve,ai_core.moderation_decisions,Transition roles; MFA=True,regra de transição comprovada; endpoint exige validação,modules/shared/domain_rules.py
administrator,reject,ai_core.moderation_decisions,Transition roles; MFA=True,regra de transição comprovada; endpoint exige validação,modules/shared/domain_rules.py
auditor,reject,ai_core.moderation_decisions,Transition roles; MFA=True,regra de transição comprovada; endpoint exige validação,modules/shared/domain_rules.py
compliance_officer,reject,ai_core.moderation_decisions,Transition roles; MFA=True,regra de transição comprovada; endpoint exige validação,modules/shared/domain_rules.py
legal_representative,reject,ai_core.moderation_decisions,Transition roles; MFA=True,regra de transição comprovada; endpoint exige validação,modules/shared/domain_rules.py
owner,reject,ai_core.moderation_decisions,Transition roles; MFA=True,regra de transição comprovada; endpoint exige validação,modules/shared/domain_rules.py
sem papel explícito,submit,ai_core.moderation_decisions,Transition roles; MFA=False,regra de transição comprovada; endpoint exige validação,modules/shared/domain_rules.py
administrator,approve,api_hub.api_clients,Transition roles; MFA=True,regra de transição comprovada; endpoint exige validação,modules/shared/domain_rules.py
auditor,approve,api_hub.api_clients,Transition roles; MFA=True,regra de transição comprovada; endpoint exige validação,modules/shared/domain_rules.py
compliance_officer,approve,api_hub.api_clients,Transition roles; MFA=True,regra de transição comprovada; endpoint exige validação,modules/shared/domain_rules.py
legal_representative,approve,api_hub.api_clients,Transition roles; MFA=True,regra de transição comprovada; endpoint exige validação,modules/shared/domain_rules.py
owner,approve,api_hub.api_clients,Transition roles; MFA=True,regra de transição comprovada; endpoint exige validação,modules/shared/domain_rules.py
administrator,reject,api_hub.api_clients,Transition roles; MFA=True,regra de transição comprovada; endpoint exige validação,modules/shared/domain_rules.py
auditor,reject,api_hub.api_clients,Transition roles; MFA=True,regra de transição comprovada; endpoint exige validação,modules/shared/domain_rules.py
compliance_officer,reject,api_hub.api_clients,Transition roles; MFA=True,regra de transição comprovada; endpoint exige validação,modules/shared/domain_rules.py
legal_representative,reject,api_hub.api_clients,Transition roles; MFA=True,regra de transição comprovada; endpoint exige validação,modules/shared/domain_rules.py
owner,reject,api_hub.api_clients,Transition roles; MFA=True,regra de transição comprovada; endpoint exige validação,modules/shared/domain_rules.py
sem papel explícito,submit,api_hub.api_clients,Transition roles; MFA=False,regra de transição comprovada; endpoint exige validação,modules/shared/domain_rules.py
administrator,approve,api_hub.api_keys,Transition roles; MFA=True,regra de transição comprovada; endpoint exige validação,modules/shared/domain_rules.py
auditor,approve,api_hub.api_keys,Transition roles; MFA=True,regra de transição comprovada; endpoint exige validação,modules/shared/domain_rules.py
compliance_officer,approve,api_hub.api_keys,Transition roles; MFA=True,regra de transição comprovada; endpoint exige validação,modules/shared/domain_rules.py
legal_representative,approve,api_hub.api_keys,Transition roles; MFA=True,regra de transição comprovada; endpoint exige validação,modules/shared/domain_rules.py
owner,approve,api_hub.api_keys,Transition roles; MFA=True,regra de transição comprovada; endpoint exige validação,modules/shared/domain_rules.py
administrator,reject,api_hub.api_keys,Transition roles; MFA=True,regra de transição comprovada; endpoint exige validação,modules/shared/domain_rules.py
auditor,reject,api_hub.api_keys,Transition roles; MFA=True,regra de transição comprovada; endpoint exige validação,modules/shared/domain_rules.py
compliance_officer,reject,api_hub.api_keys,Transition roles; MFA=True,regra de transição comprovada; endpoint exige validação,modules/shared/domain_rules.py
legal_representative,reject,api_hub.api_keys,Transition roles; MFA=True,regra de transição comprovada; endpoint exige validação,modules/shared/domain_rules.py
owner,reject,api_hub.api_keys,Transition roles; MFA=True,regra de transição comprovada; endpoint exige validação,modules/shared/domain_rules.py
sem papel explícito,submit,api_hub.api_keys,Transition roles; MFA=False,regra de transição comprovada; endpoint exige validação,modules/shared/domain_rules.py
administrator,approve,api_hub.integration_runs,Transition roles; MFA=True,regra de transição comprovada; endpoint exige validação,modules/shared/domain_rules.py
auditor,approve,api_hub.integration_runs,Transition roles; MFA=True,regra de transição comprovada; endpoint exige validação,modules/shared/domain_rules.py
compliance_officer,approve,api_hub.integration_runs,Transition roles; MFA=True,regra de transição comprovada; endpoint exige validação,modules/shared/domain_rules.py
legal_representative,approve,api_hub.integration_runs,Transition roles; MFA=True,regra de transição comprovada; endpoint exige validação,modules/shared/domain_rules.py
owner,approve,api_hub.integration_runs,Transition roles; MFA=True,regra de transição comprovada; endpoint exige validação,modules/shared/domain_rules.py
administrator,reject,api_hub.integration_runs,Transition roles; MFA=True,regra de transição comprovada; endpoint exige validação,modules/shared/domain_rules.py
auditor,reject,api_hub.integration_runs,Transition roles; MFA=True,regra de transição comprovada; endpoint exige validação,modules/shared/domain_rules.py
compliance_officer,reject,api_hub.integration_runs,Transition roles; MFA=True,regra de transição comprovada; endpoint exige validação,modules/shared/domain_rules.py
legal_representative,reject,api_hub.integration_runs,Transition roles; MFA=True,regra de transição comprovada; endpoint exige validação,modules/shared/domain_rules.py
owner,reject,api_hub.integration_runs,Transition roles; MFA=True,regra de transição comprovada; endpoint exige validação,modules/shared/domain_rules.py
sem papel explícito,submit,api_hub.integration_runs,Transition roles; MFA=False,regra de transição comprovada; endpoint exige validação,modules/shared/domain_rules.py
administrator,approve,api_hub.webhooks,Transition roles; MFA=True,regra de transição comprovada; endpoint exige validação,modules/shared/domain_rules.py
auditor,approve,api_hub.webhooks,Transition roles; MFA=True,regra de transição comprovada; endpoint exige validação,modules/shared/domain_rules.py
compliance_officer,approve,api_hub.webhooks,Transition roles; MFA=True,regra de transição comprovada; endpoint exige validação,modules/shared/domain_rules.py
legal_representative,approve,api_hub.webhooks,Transition roles; MFA=True,regra de transição comprovada; endpoint exige validação,modules/shared/domain_rules.py
owner,approve,api_hub.webhooks,Transition roles; MFA=True,regra de transição comprovada; endpoint exige validação,modules/shared/domain_rules.py
administrator,reject,api_hub.webhooks,Transition roles; MFA=True,regra de transição comprovada; endpoint exige validação,modules/shared/domain_rules.py
auditor,reject,api_hub.webhooks,Transition roles; MFA=True,regra de transição comprovada; endpoint exige validação,modules/shared/domain_rules.py
compliance_officer,reject,api_hub.webhooks,Transition roles; MFA=True,regra de transição comprovada; endpoint exige validação,modules/shared/domain_rules.py
legal_representative,reject,api_hub.webhooks,Transition roles; MFA=True,regra de transição comprovada; endpoint exige validação,modules/shared/domain_rules.py
owner,reject,api_hub.webhooks,Transition roles; MFA=True,regra de transição comprovada; endpoint exige validação,modules/shared/domain_rules.py
sem papel explícito,submit,api_hub.webhooks,Transition roles; MFA=False,regra de transição comprovada; endpoint exige validação,modules/shared/domain_rules.py
administrator,archive,bi.dashboards,Transition roles; MFA=True,regra de transição comprovada; endpoint exige validação,modules/shared/domain_rules.py
auditor,archive,bi.dashboards,Transition roles; MFA=True,regra de transição comprovada; endpoint exige validação,modules/shared/domain_rules.py
compliance_officer,archive,bi.dashboards,Transition roles; MFA=True,regra de transição comprovada; endpoint exige validação,modules/shared/domain_rules.py
legal_representative,archive,bi.dashboards,Transition roles; MFA=True,regra de transição comprovada; endpoint exige validação,modules/shared/domain_rules.py
owner,archive,bi.dashboards,Transition roles; MFA=True,regra de transição comprovada; endpoint exige validação,modules/shared/domain_rules.py
administrator,publish,bi.dashboards,Transition roles; MFA=True,regra de transição comprovada; endpoint exige validação,modules/shared/domain_rules.py
auditor,publish,bi.dashboards,Transition roles; MFA=True,regra de transição comprovada; endpoint exige validação,modules/shared/domain_rules.py
compliance_officer,publish,bi.dashboards,Transition roles; MFA=True,regra de transição comprovada; endpoint exige validação,modules/shared/domain_rules.py
legal_representative,publish,bi.dashboards,Transition roles; MFA=True,regra de transição comprovada; endpoint exige validação,modules/shared/domain_rules.py
owner,publish,bi.dashboards,Transition roles; MFA=True,regra de transição comprovada; endpoint exige validação,modules/shared/domain_rules.py
administrator,publish,bi.datasets,Transition roles; MFA=True,regra de transição comprovada; endpoint exige validação,modules/shared/domain_rules.py
auditor,publish,bi.datasets,Transition roles; MFA=True,regra de transição comprovada; endpoint exige validação,modules/shared/domain_rules.py
compliance_officer,publish,bi.datasets,Transition roles; MFA=True,regra de transição comprovada; endpoint exige validação,modules/shared/domain_rules.py
legal_representative,publish,bi.datasets,Transition roles; MFA=True,regra de transição comprovada; endpoint exige validação,modules/shared/domain_rules.py
owner,publish,bi.datasets,Transition roles; MFA=True,regra de transição comprovada; endpoint exige validação,modules/shared/domain_rules.py
sem papel explícito,refresh,bi.datasets,Transition roles; MFA=False,regra de transição comprovada; endpoint exige validação,modules/shared/domain_rules.py
sem papel explícito,complete,bi.exports,Transition roles; MFA=False,regra de transição comprovada; endpoint exige validação,modules/shared/domain_rules.py
sem papel explícito,complete,bpm.tasks,Transition roles; MFA=False,regra de transição comprovada; endpoint exige validação,modules/shared/domain_rules.py
administrator,escalate,bpm.tasks,Transition roles; MFA=True,regra de transição comprovada; endpoint exige validação,modules/shared/domain_rules.py
auditor,escalate,bpm.tasks,Transition roles; MFA=True,regra de transição comprovada; endpoint exige validação,modules/shared/domain_rules.py
compliance_officer,escalate,bpm.tasks,Transition roles; MFA=True,regra de transição comprovada; endpoint exige validação,modules/shared/domain_rules.py
legal_representative,escalate,bpm.tasks,Transition roles; MFA=True,regra de transição comprovada; endpoint exige validação,modules/shared/domain_rules.py
owner,escalate,bpm.tasks,Transition roles; MFA=True,regra de transição comprovada; endpoint exige validação,modules/shared/domain_rules.py
administrator,cancel,bpm.workflow_instances,Transition roles; MFA=True,regra de transição comprovada; endpoint exige validação,modules/shared/domain_rules.py
auditor,cancel,bpm.workflow_instances,Transition roles; MFA=True,regra de transição comprovada; endpoint exige validação,modules/shared/domain_rules.py
compliance_officer,cancel,bpm.workflow_instances,Transition roles; MFA=True,regra de transição comprovada; endpoint exige validação,modules/shared/domain_rules.py
legal_representative,cancel,bpm.workflow_instances,Transition roles; MFA=True,regra de transição comprovada; endpoint exige validação,modules/shared/domain_rules.py
owner,cancel,bpm.workflow_instances,Transition roles; MFA=True,regra de transição comprovada; endpoint exige validação,modules/shared/domain_rules.py
sem papel explícito,complete,bpm.workflow_instances,Transition roles; MFA=False,regra de transição comprovada; endpoint exige validação,modules/shared/domain_rules.py
sem papel explícito,cancel,business.catalog_offers,Transition roles; MFA=False,regra de transição comprovada; endpoint exige validação,modules/shared/domain_rules.py
sem papel explícito,complete,business.catalog_offers,Transition roles; MFA=False,regra de transição comprovada; endpoint exige validação,modules/shared/domain_rules.py
administrator,pause,business.catalog_offers,Transition roles; MFA=True,regra de transição comprovada; endpoint exige validação,modules/shared/domain_rules.py
auditor,pause,business.catalog_offers,Transition roles; MFA=True,regra de transição comprovada; endpoint exige validação,modules/shared/domain_rules.py
compliance_officer,pause,business.catalog_offers,Transition roles; MFA=True,regra de transição comprovada; endpoint exige validação,modules/shared/domain_rules.py
legal_representative,pause,business.catalog_offers,Transition roles; MFA=True,regra de transição comprovada; endpoint exige validação,modules/shared/domain_rules.py
owner,pause,business.catalog_offers,Transition roles; MFA=True,regra de transição comprovada; endpoint exige validação,modules/shared/domain_rules.py
administrator,publish,business.catalog_offers,Transition roles; MFA=True,regra de transição comprovada; endpoint exige validação,modules/shared/domain_rules.py
auditor,publish,business.catalog_offers,Transition roles; MFA=True,regra de transição comprovada; endpoint exige validação,modules/shared/domain_rules.py
compliance_officer,publish,business.catalog_offers,Transition roles; MFA=True,regra de transição comprovada; endpoint exige validação,modules/shared/domain_rules.py
legal_representative,publish,business.catalog_offers,Transition roles; MFA=True,regra de transição comprovada; endpoint exige validação,modules/shared/domain_rules.py
owner,publish,business.catalog_offers,Transition roles; MFA=True,regra de transição comprovada; endpoint exige validação,modules/shared/domain_rules.py
sem papel explícito,submit,business.catalog_offers,Transition roles; MFA=False,regra de transição comprovada; endpoint exige validação,modules/shared/domain_rules.py
administrator,approve,business.companies,Transition roles; MFA=True,regra de transição comprovada; endpoint exige validação,modules/shared/domain_rules.py
auditor,approve,business.companies,Transition roles; MFA=True,regra de transição comprovada; endpoint exige validação,modules/shared/domain_rules.py
compliance_officer,approve,business.companies,Transition roles; MFA=True,regra de transição comprovada; endpoint exige validação,modules/shared/domain_rules.py
legal_representative,approve,business.companies,Transition roles; MFA=True,regra de transição comprovada; endpoint exige validação,modules/shared/domain_rules.py
owner,approve,business.companies,Transition roles; MFA=True,regra de transição comprovada; endpoint exige validação,modules/shared/domain_rules.py
administrator,reject,business.companies,Transition roles; MFA=True,regra de transição comprovada; endpoint exige validação,modules/shared/domain_rules.py
auditor,reject,business.companies,Transition roles; MFA=True,regra de transição comprovada; endpoint exige validação,modules/shared/domain_rules.py
compliance_officer,reject,business.companies,Transition roles; MFA=True,regra de transição comprovada; endpoint exige validação,modules/shared/domain_rules.py
legal_representative,reject,business.companies,Transition roles; MFA=True,regra de transição comprovada; endpoint exige validação,modules/shared/domain_rules.py
owner,reject,business.companies,Transition roles; MFA=True,regra de transição comprovada; endpoint exige validação,modules/shared/domain_rules.py
sem papel explícito,submit,business.companies,Transition roles; MFA=False,regra de transição comprovada; endpoint exige validação,modules/shared/domain_rules.py
administrator,activate,business.user_company_memberships,Transition roles; MFA=True,regra de transição comprovada; endpoint exige validação,modules/shared/domain_rules.py
auditor,activate,business.user_company_memberships,Transition roles; MFA=True,regra de transição comprovada; endpoint exige validação,modules/shared/domain_rules.py
compliance_officer,activate,business.user_company_memberships,Transition roles; MFA=True,regra de transição comprovada; endpoint exige validação,modules/shared/domain_rules.py
legal_representative,activate,business.user_company_memberships,Transition roles; MFA=True,regra de transição comprovada; endpoint exige validação,modules/shared/domain_rules.py
owner,activate,business.user_company_memberships,Transition roles; MFA=True,regra de transição comprovada; endpoint exige validação,modules/shared/domain_rules.py
administrator,revoke,business.user_company_memberships,Transition roles; MFA=True,regra de transição comprovada; endpoint exige validação,modules/shared/domain_rules.py
auditor,revoke,business.user_company_memberships,Transition roles; MFA=True,regra de transição comprovada; endpoint exige validação,modules/shared/domain_rules.py
compliance_officer,revoke,business.user_company_memberships,Transition roles; MFA=True,regra de transição comprovada; endpoint exige validação,modules/shared/domain_rules.py
legal_representative,revoke,business.user_company_memberships,Transition roles; MFA=True,regra de transição comprovada; endpoint exige validação,modules/shared/domain_rules.py
owner,revoke,business.user_company_memberships,Transition roles; MFA=True,regra de transição comprovada; endpoint exige validação,modules/shared/domain_rules.py
sem papel explícito,complete,crm.activities,Transition roles; MFA=False,regra de transição comprovada; endpoint exige validação,modules/shared/domain_rules.py
sem papel explícito,close,crm.campaigns,Transition roles; MFA=False,regra de transição comprovada; endpoint exige validação,modules/shared/domain_rules.py
administrator,launch,crm.campaigns,Transition roles; MFA=True,regra de transição comprovada; endpoint exige validação,modules/shared/domain_rules.py
auditor,launch,crm.campaigns,Transition roles; MFA=True,regra de transição comprovada; endpoint exige validação,modules/shared/domain_rules.py
compliance_officer,launch,crm.campaigns,Transition roles; MFA=True,regra de transição comprovada; endpoint exige validação,modules/shared/domain_rules.py
legal_representative,launch,crm.campaigns,Transition roles; MFA=True,regra de transição comprovada; endpoint exige validação,modules/shared/domain_rules.py
owner,launch,crm.campaigns,Transition roles; MFA=True,regra de transição comprovada; endpoint exige validação,modules/shared/domain_rules.py
sem papel explícito,disqualify,crm.leads,Transition roles; MFA=False,regra de transição comprovada; endpoint exige validação,modules/shared/domain_rules.py
sem papel explícito,qualify,crm.leads,Transition roles; MFA=False,regra de transição comprovada; endpoint exige validação,modules/shared/domain_rules.py
sem papel explícito,lose,crm.opportunities,Transition roles; MFA=False,regra de transição comprovada; endpoint exige validação,modules/shared/domain_rules.py
administrator,propose,crm.opportunities,Transition roles; MFA=True,regra de transição comprovada; endpoint exige validação,modules/shared/domain_rules.py
auditor,propose,crm.opportunities,Transition roles; MFA=True,regra de transição comprovada; endpoint exige validação,modules/shared/domain_rules.py
compliance_officer,propose,crm.opportunities,Transition roles; MFA=True,regra de transição comprovada; endpoint exige validação,modules/shared/domain_rules.py
legal_representative,propose,crm.opportunities,Transition roles; MFA=True,regra de transição comprovada; endpoint exige validação,modules/shared/domain_rules.py
owner,propose,crm.opportunities,Transition roles; MFA=True,regra de transição comprovada; endpoint exige validação,modules/shared/domain_rules.py
administrator,win,crm.opportunities,Transition roles; MFA=True,regra de transição comprovada; endpoint exige validação,modules/shared/domain_rules.py
auditor,win,crm.opportunities,Transition roles; MFA=True,regra de transição comprovada; endpoint exige validação,modules/shared/domain_rules.py
compliance_officer,win,crm.opportunities,Transition roles; MFA=True,regra de transição comprovada; endpoint exige validação,modules/shared/domain_rules.py
legal_representative,win,crm.opportunities,Transition roles; MFA=True,regra de transição comprovada; endpoint exige validação,modules/shared/domain_rules.py
owner,win,crm.opportunities,Transition roles; MFA=True,regra de transição comprovada; endpoint exige validação,modules/shared/domain_rules.py
sem papel explícito,assign,delivery.delivery_requests,Transition roles; MFA=False,regra de transição comprovada; endpoint exige validação,modules/shared/domain_rules.py
sem papel explícito,cancel,delivery.delivery_requests,Transition roles; MFA=False,regra de transição comprovada; endpoint exige validação,modules/shared/domain_rules.py
sem papel explícito,complete,delivery.delivery_requests,Transition roles; MFA=False,regra de transição comprovada; endpoint exige validação,modules/shared/domain_rules.py
sem papel explícito,pickup,delivery.delivery_requests,Transition roles; MFA=False,regra de transição comprovada; endpoint exige validação,modules/shared/domain_rules.py
sem papel explícito,cancel,document.documents,Transition roles; MFA=False,regra de transição comprovada; endpoint exige validação,modules/shared/domain_rules.py
sem papel explícito,complete,document.documents,Transition roles; MFA=False,regra de transição comprovada; endpoint exige validação,modules/shared/domain_rules.py
sem papel explícito,submit,document.documents,Transition roles; MFA=False,regra de transição comprovada; endpoint exige validação,modules/shared/domain_rules.py
sem papel explícito,cancel,erp.fiscal_documents,Transition roles; MFA=False,regra de transição comprovada; endpoint exige validação,modules/shared/domain_rules.py
sem papel explícito,complete,erp.fiscal_documents,Transition roles; MFA=False,regra de transição comprovada; endpoint exige validação,modules/shared/domain_rules.py
sem papel explícito,submit,erp.fiscal_documents,Transition roles; MFA=False,regra de transição comprovada; endpoint exige validação,modules/shared/domain_rules.py
administrator,approve_payment,erp.payables,Transition roles; MFA=True,regra de transição comprovada; endpoint exige validação,modules/shared/domain_rules.py
auditor,approve_payment,erp.payables,Transition roles; MFA=True,regra de transição comprovada; endpoint exige validação,modules/shared/domain_rules.py
compliance_officer,approve_payment,erp.payables,Transition roles; MFA=True,regra de transição comprovada; endpoint exige validação,modules/shared/domain_rules.py
legal_representative,approve_payment,erp.payables,Transition roles; MFA=True,regra de transição comprovada; endpoint exige validação,modules/shared/domain_rules.py
owner,approve_payment,erp.payables,Transition roles; MFA=True,regra de transição comprovada; endpoint exige validação,modules/shared/domain_rules.py
sem papel explícito,settle,erp.payables,Transition roles; MFA=False,regra de transição comprovada; endpoint exige validação,modules/shared/domain_rules.py
sem papel explícito,receive,erp.receivables,Transition roles; MFA=False,regra de transição comprovada; endpoint exige validação,modules/shared/domain_rules.py
administrator,reconcile,erp.receivables,Transition roles; MFA=True,regra de transição comprovada; endpoint exige validação,modules/shared/domain_rules.py
auditor,reconcile,erp.receivables,Transition roles; MFA=True,regra de transição comprovada; endpoint exige validação,modules/shared/domain_rules.py
compliance_officer,reconcile,erp.receivables,Transition roles; MFA=True,regra de transição comprovada; endpoint exige validação,modules/shared/domain_rules.py
legal_representative,reconcile,erp.receivables,Transition roles; MFA=True,regra de transição comprovada; endpoint exige validação,modules/shared/domain_rules.py
owner,reconcile,erp.receivables,Transition roles; MFA=True,regra de transição comprovada; endpoint exige validação,modules/shared/domain_rules.py
administrator,capture,finance.escrows,Transition roles; MFA=True,regra de transição comprovada; endpoint exige validação,modules/shared/domain_rules.py
auditor,capture,finance.escrows,Transition roles; MFA=True,regra de transição comprovada; endpoint exige validação,modules/shared/domain_rules.py
compliance_officer,capture,finance.escrows,Transition roles; MFA=True,regra de transição comprovada; endpoint exige validação,modules/shared/domain_rules.py
legal_representative,capture,finance.escrows,Transition roles; MFA=True,regra de transição comprovada; endpoint exige validação,modules/shared/domain_rules.py
owner,capture,finance.escrows,Transition roles; MFA=True,regra de transição comprovada; endpoint exige validação,modules/shared/domain_rules.py
sem papel explícito,dispute,finance.escrows,Transition roles; MFA=False,regra de transição comprovada; endpoint exige validação,modules/shared/domain_rules.py
administrator,refund,finance.escrows,Transition roles; MFA=True,regra de transição comprovada; endpoint exige validação,modules/shared/domain_rules.py
auditor,refund,finance.escrows,Transition roles; MFA=True,regra de transição comprovada; endpoint exige validação,modules/shared/domain_rules.py
compliance_officer,refund,finance.escrows,Transition roles; MFA=True,regra de transição comprovada; endpoint exige validação,modules/shared/domain_rules.py
legal_representative,refund,finance.escrows,Transition roles; MFA=True,regra de transição comprovada; endpoint exige validação,modules/shared/domain_rules.py
owner,refund,finance.escrows,Transition roles; MFA=True,regra de transição comprovada; endpoint exige validação,modules/shared/domain_rules.py
administrator,release,finance.escrows,Transition roles; MFA=True,regra de transição comprovada; endpoint exige validação,modules/shared/domain_rules.py
auditor,release,finance.escrows,Transition roles; MFA=True,regra de transição comprovada; endpoint exige validação,modules/shared/domain_rules.py
compliance_officer,release,finance.escrows,Transition roles; MFA=True,regra de transição comprovada; endpoint exige validação,modules/shared/domain_rules.py
legal_representative,release,finance.escrows,Transition roles; MFA=True,regra de transição comprovada; endpoint exige validação,modules/shared/domain_rules.py
owner,release,finance.escrows,Transition roles; MFA=True,regra de transição comprovada; endpoint exige validação,modules/shared/domain_rules.py
sem papel explícito,cancel,finance.invoices,Transition roles; MFA=False,regra de transição comprovada; endpoint exige validação,modules/shared/domain_rules.py
sem papel explícito,complete,finance.invoices,Transition roles; MFA=False,regra de transição comprovada; endpoint exige validação,modules/shared/domain_rules.py
sem papel explícito,submit,finance.invoices,Transition roles; MFA=False,regra de transição comprovada; endpoint exige validação,modules/shared/domain_rules.py
sem papel explícito,cancel,finance.splits,Transition roles; MFA=False,regra de transição comprovada; endpoint exige validação,modules/shared/domain_rules.py
sem papel explícito,complete,finance.splits,Transition roles; MFA=False,regra de transição comprovada; endpoint exige validação,modules/shared/domain_rules.py
sem papel explícito,submit,finance.splits,Transition roles; MFA=False,regra de transição comprovada; endpoint exige validação,modules/shared/domain_rules.py
sem papel explícito,cancel,health.appointments,Transition roles; MFA=False,regra de transição comprovada; endpoint exige validação,modules/shared/domain_rules.py
sem papel explícito,complete,health.appointments,Transition roles; MFA=False,regra de transição comprovada; endpoint exige validação,modules/shared/domain_rules.py
administrator,pause,health.appointments,Transition roles; MFA=True,regra de transição comprovada; endpoint exige validação,modules/shared/domain_rules.py
auditor,pause,health.appointments,Transition roles; MFA=True,regra de transição comprovada; endpoint exige validação,modules/shared/domain_rules.py
compliance_officer,pause,health.appointments,Transition roles; MFA=True,regra de transição comprovada; endpoint exige validação,modules/shared/domain_rules.py
legal_representative,pause,health.appointments,Transition roles; MFA=True,regra de transição comprovada; endpoint exige validação,modules/shared/domain_rules.py
owner,pause,health.appointments,Transition roles; MFA=True,regra de transição comprovada; endpoint exige validação,modules/shared/domain_rules.py
administrator,publish,health.appointments,Transition roles; MFA=True,regra de transição comprovada; endpoint exige validação,modules/shared/domain_rules.py
auditor,publish,health.appointments,Transition roles; MFA=True,regra de transição comprovada; endpoint exige validação,modules/shared/domain_rules.py
compliance_officer,publish,health.appointments,Transition roles; MFA=True,regra de transição comprovada; endpoint exige validação,modules/shared/domain_rules.py
legal_representative,publish,health.appointments,Transition roles; MFA=True,regra de transição comprovada; endpoint exige validação,modules/shared/domain_rules.py
owner,publish,health.appointments,Transition roles; MFA=True,regra de transição comprovada; endpoint exige validação,modules/shared/domain_rules.py
sem papel explícito,submit,health.appointments,Transition roles; MFA=False,regra de transição comprovada; endpoint exige validação,modules/shared/domain_rules.py
sem papel explícito,cancel,health.beds,Transition roles; MFA=False,regra de transição comprovada; endpoint exige validação,modules/shared/domain_rules.py
sem papel explícito,complete,health.beds,Transition roles; MFA=False,regra de transição comprovada; endpoint exige validação,modules/shared/domain_rules.py
sem papel explícito,submit,health.beds,Transition roles; MFA=False,regra de transição comprovada; endpoint exige validação,modules/shared/domain_rules.py
administrator,approve,health.medical_records,Transition roles; MFA=True,regra de transição comprovada; endpoint exige validação,modules/shared/domain_rules.py
auditor,approve,health.medical_records,Transition roles; MFA=True,regra de transição comprovada; endpoint exige validação,modules/shared/domain_rules.py
compliance_officer,approve,health.medical_records,Transition roles; MFA=True,regra de transição comprovada; endpoint exige validação,modules/shared/domain_rules.py
legal_representative,approve,health.medical_records,Transition roles; MFA=True,regra de transição comprovada; endpoint exige validação,modules/shared/domain_rules.py
owner,approve,health.medical_records,Transition roles; MFA=True,regra de transição comprovada; endpoint exige validação,modules/shared/domain_rules.py
administrator,reject,health.medical_records,Transition roles; MFA=True,regra de transição comprovada; endpoint exige validação,modules/shared/domain_rules.py
auditor,reject,health.medical_records,Transition roles; MFA=True,regra de transição comprovada; endpoint exige validação,modules/shared/domain_rules.py
compliance_officer,reject,health.medical_records,Transition roles; MFA=True,regra de transição comprovada; endpoint exige validação,modules/shared/domain_rules.py
legal_representative,reject,health.medical_records,Transition roles; MFA=True,regra de transição comprovada; endpoint exige validação,modules/shared/domain_rules.py
owner,reject,health.medical_records,Transition roles; MFA=True,regra de transição comprovada; endpoint exige validação,modules/shared/domain_rules.py
sem papel explícito,submit,health.medical_records,Transition roles; MFA=False,regra de transição comprovada; endpoint exige validação,modules/shared/domain_rules.py
administrator,approve,health.prescriptions,Transition roles; MFA=True,regra de transição comprovada; endpoint exige validação,modules/shared/domain_rules.py
auditor,approve,health.prescriptions,Transition roles; MFA=True,regra de transição comprovada; endpoint exige validação,modules/shared/domain_rules.py
compliance_officer,approve,health.prescriptions,Transition roles; MFA=True,regra de transição comprovada; endpoint exige validação,modules/shared/domain_rules.py
legal_representative,approve,health.prescriptions,Transition roles; MFA=True,regra de transição comprovada; endpoint exige validação,modules/shared/domain_rules.py
owner,approve,health.prescriptions,Transition roles; MFA=True,regra de transição comprovada; endpoint exige validação,modules/shared/domain_rules.py
administrator,reject,health.prescriptions,Transition roles; MFA=True,regra de transição comprovada; endpoint exige validação,modules/shared/domain_rules.py
auditor,reject,health.prescriptions,Transition roles; MFA=True,regra de transição comprovada; endpoint exige validação,modules/shared/domain_rules.py
compliance_officer,reject,health.prescriptions,Transition roles; MFA=True,regra de transição comprovada; endpoint exige validação,modules/shared/domain_rules.py
legal_representative,reject,health.prescriptions,Transition roles; MFA=True,regra de transição comprovada; endpoint exige validação,modules/shared/domain_rules.py
owner,reject,health.prescriptions,Transition roles; MFA=True,regra de transição comprovada; endpoint exige validação,modules/shared/domain_rules.py
sem papel explícito,submit,health.prescriptions,Transition roles; MFA=False,regra de transição comprovada; endpoint exige validação,modules/shared/domain_rules.py
sem papel explícito,complete,hr.courses,Transition roles; MFA=False,regra de transição comprovada; endpoint exige validação,modules/shared/domain_rules.py
administrator,approve,hr.employees,Transition roles; MFA=True,regra de transição comprovada; endpoint exige validação,modules/shared/domain_rules.py
auditor,approve,hr.employees,Transition roles; MFA=True,regra de transição comprovada; endpoint exige validação,modules/shared/domain_rules.py
compliance_officer,approve,hr.employees,Transition roles; MFA=True,regra de transição comprovada; endpoint exige validação,modules/shared/domain_rules.py
legal_representative,approve,hr.employees,Transition roles; MFA=True,regra de transição comprovada; endpoint exige validação,modules/shared/domain_rules.py
owner,approve,hr.employees,Transition roles; MFA=True,regra de transição comprovada; endpoint exige validação,modules/shared/domain_rules.py
administrator,reject,hr.employees,Transition roles; MFA=True,regra de transição comprovada; endpoint exige validação,modules/shared/domain_rules.py
auditor,reject,hr.employees,Transition roles; MFA=True,regra de transição comprovada; endpoint exige validação,modules/shared/domain_rules.py
compliance_officer,reject,hr.employees,Transition roles; MFA=True,regra de transição comprovada; endpoint exige validação,modules/shared/domain_rules.py
legal_representative,reject,hr.employees,Transition roles; MFA=True,regra de transição comprovada; endpoint exige validação,modules/shared/domain_rules.py
owner,reject,hr.employees,Transition roles; MFA=True,regra de transição comprovada; endpoint exige validação,modules/shared/domain_rules.py
sem papel explícito,submit,hr.employees,Transition roles; MFA=False,regra de transição comprovada; endpoint exige validação,modules/shared/domain_rules.py
administrator,approve,hr.occupational_records,Transition roles; MFA=True,regra de transição comprovada; endpoint exige validação,modules/shared/domain_rules.py
auditor,approve,hr.occupational_records,Transition roles; MFA=True,regra de transição comprovada; endpoint exige validação,modules/shared/domain_rules.py
compliance_officer,approve,hr.occupational_records,Transition roles; MFA=True,regra de transição comprovada; endpoint exige validação,modules/shared/domain_rules.py
legal_representative,approve,hr.occupational_records,Transition roles; MFA=True,regra de transição comprovada; endpoint exige validação,modules/shared/domain_rules.py
owner,approve,hr.occupational_records,Transition roles; MFA=True,regra de transição comprovada; endpoint exige validação,modules/shared/domain_rules.py
administrator,reject,hr.occupational_records,Transition roles; MFA=True,regra de transição comprovada; endpoint exige validação,modules/shared/domain_rules.py
auditor,reject,hr.occupational_records,Transition roles; MFA=True,regra de transição comprovada; endpoint exige validação,modules/shared/domain_rules.py
compliance_officer,reject,hr.occupational_records,Transition roles; MFA=True,regra de transição comprovada; endpoint exige validação,modules/shared/domain_rules.py
legal_representative,reject,hr.occupational_records,Transition roles; MFA=True,regra de transição comprovada; endpoint exige validação,modules/shared/domain_rules.py
owner,reject,hr.occupational_records,Transition roles; MFA=True,regra de transição comprovada; endpoint exige validação,modules/shared/domain_rules.py
sem papel explícito,submit,hr.occupational_records,Transition roles; MFA=False,regra de transição comprovada; endpoint exige validação,modules/shared/domain_rules.py
administrator,close,hr.payroll_runs,Transition roles; MFA=True,regra de transição comprovada; endpoint exige validação,modules/shared/domain_rules.py
auditor,close,hr.payroll_runs,Transition roles; MFA=True,regra de transição comprovada; endpoint exige validação,modules/shared/domain_rules.py
compliance_officer,close,hr.payroll_runs,Transition roles; MFA=True,regra de transição comprovada; endpoint exige validação,modules/shared/domain_rules.py
legal_representative,close,hr.payroll_runs,Transition roles; MFA=True,regra de transição comprovada; endpoint exige validação,modules/shared/domain_rules.py
owner,close,hr.payroll_runs,Transition roles; MFA=True,regra de transição comprovada; endpoint exige validação,modules/shared/domain_rules.py
administrator,approve,identity.documents,Transition roles; MFA=True,regra de transição comprovada; endpoint exige validação,modules/shared/domain_rules.py
auditor,approve,identity.documents,Transition roles; MFA=True,regra de transição comprovada; endpoint exige validação,modules/shared/domain_rules.py
compliance_officer,approve,identity.documents,Transition roles; MFA=True,regra de transição comprovada; endpoint exige validação,modules/shared/domain_rules.py
legal_representative,approve,identity.documents,Transition roles; MFA=True,regra de transição comprovada; endpoint exige validação,modules/shared/domain_rules.py
owner,approve,identity.documents,Transition roles; MFA=True,regra de transição comprovada; endpoint exige validação,modules/shared/domain_rules.py
administrator,reject,identity.documents,Transition roles; MFA=True,regra de transição comprovada; endpoint exige validação,modules/shared/domain_rules.py
auditor,reject,identity.documents,Transition roles; MFA=True,regra de transição comprovada; endpoint exige validação,modules/shared/domain_rules.py
compliance_officer,reject,identity.documents,Transition roles; MFA=True,regra de transição comprovada; endpoint exige validação,modules/shared/domain_rules.py
legal_representative,reject,identity.documents,Transition roles; MFA=True,regra de transição comprovada; endpoint exige validação,modules/shared/domain_rules.py
owner,reject,identity.documents,Transition roles; MFA=True,regra de transição comprovada; endpoint exige validação,modules/shared/domain_rules.py
administrator,approve,identity.identity_verifications,Transition roles; MFA=True,regra de transição comprovada; endpoint exige validação,modules/shared/domain_rules.py
auditor,approve,identity.identity_verifications,Transition roles; MFA=True,regra de transição comprovada; endpoint exige validação,modules/shared/domain_rules.py
compliance_officer,approve,identity.identity_verifications,Transition roles; MFA=True,regra de transição comprovada; endpoint exige validação,modules/shared/domain_rules.py
legal_representative,approve,identity.identity_verifications,Transition roles; MFA=True,regra de transição comprovada; endpoint exige validação,modules/shared/domain_rules.py
owner,approve,identity.identity_verifications,Transition roles; MFA=True,regra de transição comprovada; endpoint exige validação,modules/shared/domain_rules.py
administrator,reject,identity.identity_verifications,Transition roles; MFA=True,regra de transição comprovada; endpoint exige validação,modules/shared/domain_rules.py
auditor,reject,identity.identity_verifications,Transition roles; MFA=True,regra de transição comprovada; endpoint exige validação,modules/shared/domain_rules.py
compliance_officer,reject,identity.identity_verifications,Transition roles; MFA=True,regra de transição comprovada; endpoint exige validação,modules/shared/domain_rules.py
legal_representative,reject,identity.identity_verifications,Transition roles; MFA=True,regra de transição comprovada; endpoint exige validação,modules/shared/domain_rules.py
owner,reject,identity.identity_verifications,Transition roles; MFA=True,regra de transição comprovada; endpoint exige validação,modules/shared/domain_rules.py
administrator,approve,identity.kyc_records,Transition roles; MFA=True,regra de transição comprovada; endpoint exige validação,modules/shared/domain_rules.py
auditor,approve,identity.kyc_records,Transition roles; MFA=True,regra de transição comprovada; endpoint exige validação,modules/shared/domain_rules.py
compliance_officer,approve,identity.kyc_records,Transition roles; MFA=True,regra de transição comprovada; endpoint exige validação,modules/shared/domain_rules.py
legal_representative,approve,identity.kyc_records,Transition roles; MFA=True,regra de transição comprovada; endpoint exige validação,modules/shared/domain_rules.py
owner,approve,identity.kyc_records,Transition roles; MFA=True,regra de transição comprovada; endpoint exige validação,modules/shared/domain_rules.py
administrator,reject,identity.kyc_records,Transition roles; MFA=True,regra de transição comprovada; endpoint exige validação,modules/shared/domain_rules.py
auditor,reject,identity.kyc_records,Transition roles; MFA=True,regra de transição comprovada; endpoint exige validação,modules/shared/domain_rules.py
compliance_officer,reject,identity.kyc_records,Transition roles; MFA=True,regra de transição comprovada; endpoint exige validação,modules/shared/domain_rules.py
legal_representative,reject,identity.kyc_records,Transition roles; MFA=True,regra de transição comprovada; endpoint exige validação,modules/shared/domain_rules.py
owner,reject,identity.kyc_records,Transition roles; MFA=True,regra de transição comprovada; endpoint exige validação,modules/shared/domain_rules.py
sem papel explícito,revoke,identity.sessions,Transition roles; MFA=False,regra de transição comprovada; endpoint exige validação,modules/shared/domain_rules.py
administrator,verify,identity.users,Transition roles; MFA=True,regra de transição comprovada; endpoint exige validação,modules/shared/domain_rules.py
auditor,verify,identity.users,Transition roles; MFA=True,regra de transição comprovada; endpoint exige validação,modules/shared/domain_rules.py
compliance_officer,verify,identity.users,Transition roles; MFA=True,regra de transição comprovada; endpoint exige validação,modules/shared/domain_rules.py
legal_representative,verify,identity.users,Transition roles; MFA=True,regra de transição comprovada; endpoint exige validação,modules/shared/domain_rules.py
owner,verify,identity.users,Transition roles; MFA=True,regra de transição comprovada; endpoint exige validação,modules/shared/domain_rules.py
administrator,reject,jobs.applications,Transition roles; MFA=True,regra de transição comprovada; endpoint exige validação,modules/shared/domain_rules.py
auditor,reject,jobs.applications,Transition roles; MFA=True,regra de transição comprovada; endpoint exige validação,modules/shared/domain_rules.py
hr_manager,reject,jobs.applications,Transition roles; MFA=True,regra de transição comprovada; endpoint exige validação,modules/shared/domain_rules.py
owner,reject,jobs.applications,Transition roles; MFA=True,regra de transição comprovada; endpoint exige validação,modules/shared/domain_rules.py
recruiter,reject,jobs.applications,Transition roles; MFA=True,regra de transição comprovada; endpoint exige validação,modules/shared/domain_rules.py
administrator,review,jobs.applications,Transition roles; MFA=False,regra de transição comprovada; endpoint exige validação,modules/shared/domain_rules.py
auditor,review,jobs.applications,Transition roles; MFA=False,regra de transição comprovada; endpoint exige validação,modules/shared/domain_rules.py
hr_manager,review,jobs.applications,Transition roles; MFA=False,regra de transição comprovada; endpoint exige validação,modules/shared/domain_rules.py
owner,review,jobs.applications,Transition roles; MFA=False,regra de transição comprovada; endpoint exige validação,modules/shared/domain_rules.py
recruiter,review,jobs.applications,Transition roles; MFA=False,regra de transição comprovada; endpoint exige validação,modules/shared/domain_rules.py
administrator,schedule_interview,jobs.applications,Transition roles; MFA=True,regra de transição comprovada; endpoint exige validação,modules/shared/domain_rules.py
auditor,schedule_interview,jobs.applications,Transition roles; MFA=True,regra de transição comprovada; endpoint exige validação,modules/shared/domain_rules.py
hr_manager,schedule_interview,jobs.applications,Transition roles; MFA=True,regra de transição comprovada; endpoint exige validação,modules/shared/domain_rules.py
owner,schedule_interview,jobs.applications,Transition roles; MFA=True,regra de transição comprovada; endpoint exige validação,modules/shared/domain_rules.py
recruiter,schedule_interview,jobs.applications,Transition roles; MFA=True,regra de transição comprovada; endpoint exige validação,modules/shared/domain_rules.py
administrator,shortlist,jobs.applications,Transition roles; MFA=True,regra de transição comprovada; endpoint exige validação,modules/shared/domain_rules.py
auditor,shortlist,jobs.applications,Transition roles; MFA=True,regra de transição comprovada; endpoint exige validação,modules/shared/domain_rules.py
hr_manager,shortlist,jobs.applications,Transition roles; MFA=True,regra de transição comprovada; endpoint exige validação,modules/shared/domain_rules.py
owner,shortlist,jobs.applications,Transition roles; MFA=True,regra de transição comprovada; endpoint exige validação,modules/shared/domain_rules.py
recruiter,shortlist,jobs.applications,Transition roles; MFA=True,regra de transição comprovada; endpoint exige validação,modules/shared/domain_rules.py
sem papel explícito,withdraw,jobs.applications,Transition roles; MFA=False,regra de transição comprovada; endpoint exige validação,modules/shared/domain_rules.py
administrator,close,jobs.job_postings,Transition roles; MFA=True,regra de transição comprovada; endpoint exige validação,modules/shared/domain_rules.py
auditor,close,jobs.job_postings,Transition roles; MFA=True,regra de transição comprovada; endpoint exige validação,modules/shared/domain_rules.py
hr_manager,close,jobs.job_postings,Transition roles; MFA=True,regra de transição comprovada; endpoint exige validação,modules/shared/domain_rules.py
owner,close,jobs.job_postings,Transition roles; MFA=True,regra de transição comprovada; endpoint exige validação,modules/shared/domain_rules.py
recruiter,close,jobs.job_postings,Transition roles; MFA=True,regra de transição comprovada; endpoint exige validação,modules/shared/domain_rules.py
administrator,publish,jobs.job_postings,Transition roles; MFA=True,regra de transição comprovada; endpoint exige validação,modules/shared/domain_rules.py
auditor,publish,jobs.job_postings,Transition roles; MFA=True,regra de transição comprovada; endpoint exige validação,modules/shared/domain_rules.py
hr_manager,publish,jobs.job_postings,Transition roles; MFA=True,regra de transição comprovada; endpoint exige validação,modules/shared/domain_rules.py
owner,publish,jobs.job_postings,Transition roles; MFA=True,regra de transição comprovada; endpoint exige validação,modules/shared/domain_rules.py
recruiter,publish,jobs.job_postings,Transition roles; MFA=True,regra de transição comprovada; endpoint exige validação,modules/shared/domain_rules.py
sem papel explícito,cancel,legal.cases,Transition roles; MFA=False,regra de transição comprovada; endpoint exige validação,modules/shared/domain_rules.py
sem papel explícito,complete,legal.cases,Transition roles; MFA=False,regra de transição comprovada; endpoint exige validação,modules/shared/domain_rules.py
sem papel explícito,submit,legal.cases,Transition roles; MFA=False,regra de transição comprovada; endpoint exige validação,modules/shared/domain_rules.py
administrator,alert,legal.deadlines,Transition roles; MFA=True,regra de transição comprovada; endpoint exige validação,modules/shared/domain_rules.py
auditor,alert,legal.deadlines,Transition roles; MFA=True,regra de transição comprovada; endpoint exige validação,modules/shared/domain_rules.py
compliance_officer,alert,legal.deadlines,Transition roles; MFA=True,regra de transição comprovada; endpoint exige validação,modules/shared/domain_rules.py
legal_representative,alert,legal.deadlines,Transition roles; MFA=True,regra de transição comprovada; endpoint exige validação,modules/shared/domain_rules.py
owner,alert,legal.deadlines,Transition roles; MFA=True,regra de transição comprovada; endpoint exige validação,modules/shared/domain_rules.py
sem papel explícito,complete,legal.deadlines,Transition roles; MFA=False,regra de transição comprovada; endpoint exige validação,modules/shared/domain_rules.py
administrator,close,marketplace.disputes,Transition roles; MFA=True,regra de transição comprovada; endpoint exige validação,modules/shared/domain_rules.py
auditor,close,marketplace.disputes,Transition roles; MFA=True,regra de transição comprovada; endpoint exige validação,modules/shared/domain_rules.py
compliance_officer,close,marketplace.disputes,Transition roles; MFA=True,regra de transição comprovada; endpoint exige validação,modules/shared/domain_rules.py
legal_representative,close,marketplace.disputes,Transition roles; MFA=True,regra de transição comprovada; endpoint exige validação,modules/shared/domain_rules.py
owner,close,marketplace.disputes,Transition roles; MFA=True,regra de transição comprovada; endpoint exige validação,modules/shared/domain_rules.py
administrator,resolve,marketplace.disputes,Transition roles; MFA=True,regra de transição comprovada; endpoint exige validação,modules/shared/domain_rules.py
auditor,resolve,marketplace.disputes,Transition roles; MFA=True,regra de transição comprovada; endpoint exige validação,modules/shared/domain_rules.py
compliance_officer,resolve,marketplace.disputes,Transition roles; MFA=True,regra de transição comprovada; endpoint exige validação,modules/shared/domain_rules.py
legal_representative,resolve,marketplace.disputes,Transition roles; MFA=True,regra de transição comprovada; endpoint exige validação,modules/shared/domain_rules.py
owner,resolve,marketplace.disputes,Transition roles; MFA=True,regra de transição comprovada; endpoint exige validação,modules/shared/domain_rules.py
administrator,triage,marketplace.disputes,Transition roles; MFA=True,regra de transição comprovada; endpoint exige validação,modules/shared/domain_rules.py
auditor,triage,marketplace.disputes,Transition roles; MFA=True,regra de transição comprovada; endpoint exige validação,modules/shared/domain_rules.py
compliance_officer,triage,marketplace.disputes,Transition roles; MFA=True,regra de transição comprovada; endpoint exige validação,modules/shared/domain_rules.py
legal_representative,triage,marketplace.disputes,Transition roles; MFA=True,regra de transição comprovada; endpoint exige validação,modules/shared/domain_rules.py
owner,triage,marketplace.disputes,Transition roles; MFA=True,regra de transição comprovada; endpoint exige validação,modules/shared/domain_rules.py
sem papel explícito,cancel,marketplace.orders,Transition roles; MFA=False,regra de transição comprovada; endpoint exige validação,modules/shared/domain_rules.py
sem papel explícito,deliver,marketplace.orders,Transition roles; MFA=False,regra de transição comprovada; endpoint exige validação,modules/shared/domain_rules.py
sem papel explícito,pay,marketplace.orders,Transition roles; MFA=False,regra de transição comprovada; endpoint exige validação,modules/shared/domain_rules.py
sem papel explícito,cancel,marketplace.products,Transition roles; MFA=False,regra de transição comprovada; endpoint exige validação,modules/shared/domain_rules.py
sem papel explícito,complete,marketplace.products,Transition roles; MFA=False,regra de transição comprovada; endpoint exige validação,modules/shared/domain_rules.py
administrator,pause,marketplace.products,Transition roles; MFA=True,regra de transição comprovada; endpoint exige validação,modules/shared/domain_rules.py
auditor,pause,marketplace.products,Transition roles; MFA=True,regra de transição comprovada; endpoint exige validação,modules/shared/domain_rules.py
compliance_officer,pause,marketplace.products,Transition roles; MFA=True,regra de transição comprovada; endpoint exige validação,modules/shared/domain_rules.py
legal_representative,pause,marketplace.products,Transition roles; MFA=True,regra de transição comprovada; endpoint exige validação,modules/shared/domain_rules.py
owner,pause,marketplace.products,Transition roles; MFA=True,regra de transição comprovada; endpoint exige validação,modules/shared/domain_rules.py
administrator,publish,marketplace.products,Transition roles; MFA=True,regra de transição comprovada; endpoint exige validação,modules/shared/domain_rules.py
auditor,publish,marketplace.products,Transition roles; MFA=True,regra de transição comprovada; endpoint exige validação,modules/shared/domain_rules.py
compliance_officer,publish,marketplace.products,Transition roles; MFA=True,regra de transição comprovada; endpoint exige validação,modules/shared/domain_rules.py
legal_representative,publish,marketplace.products,Transition roles; MFA=True,regra de transição comprovada; endpoint exige validação,modules/shared/domain_rules.py
owner,publish,marketplace.products,Transition roles; MFA=True,regra de transição comprovada; endpoint exige validação,modules/shared/domain_rules.py
sem papel explícito,submit,marketplace.products,Transition roles; MFA=False,regra de transição comprovada; endpoint exige validação,modules/shared/domain_rules.py
administrator,publish,marketplace.reviews,Transition roles; MFA=True,regra de transição comprovada; endpoint exige validação,modules/shared/domain_rules.py
auditor,publish,marketplace.reviews,Transition roles; MFA=True,regra de transição comprovada; endpoint exige validação,modules/shared/domain_rules.py
compliance_officer,publish,marketplace.reviews,Transition roles; MFA=True,regra de transição comprovada; endpoint exige validação,modules/shared/domain_rules.py
legal_representative,publish,marketplace.reviews,Transition roles; MFA=True,regra de transição comprovada; endpoint exige validação,modules/shared/domain_rules.py
owner,publish,marketplace.reviews,Transition roles; MFA=True,regra de transição comprovada; endpoint exige validação,modules/shared/domain_rules.py
administrator,reject,marketplace.reviews,Transition roles; MFA=True,regra de transição comprovada; endpoint exige validação,modules/shared/domain_rules.py
auditor,reject,marketplace.reviews,Transition roles; MFA=True,regra de transição comprovada; endpoint exige validação,modules/shared/domain_rules.py
compliance_officer,reject,marketplace.reviews,Transition roles; MFA=True,regra de transição comprovada; endpoint exige validação,modules/shared/domain_rules.py
legal_representative,reject,marketplace.reviews,Transition roles; MFA=True,regra de transição comprovada; endpoint exige validação,modules/shared/domain_rules.py
owner,reject,marketplace.reviews,Transition roles; MFA=True,regra de transição comprovada; endpoint exige validação,modules/shared/domain_rules.py
administrator,approve,marketplace.stores,Transition roles; MFA=True,regra de transição comprovada; endpoint exige validação,modules/shared/domain_rules.py
auditor,approve,marketplace.stores,Transition roles; MFA=True,regra de transição comprovada; endpoint exige validação,modules/shared/domain_rules.py
compliance_officer,approve,marketplace.stores,Transition roles; MFA=True,regra de transição comprovada; endpoint exige validação,modules/shared/domain_rules.py
legal_representative,approve,marketplace.stores,Transition roles; MFA=True,regra de transição comprovada; endpoint exige validação,modules/shared/domain_rules.py
owner,approve,marketplace.stores,Transition roles; MFA=True,regra de transição comprovada; endpoint exige validação,modules/shared/domain_rules.py
administrator,reject,marketplace.stores,Transition roles; MFA=True,regra de transição comprovada; endpoint exige validação,modules/shared/domain_rules.py
auditor,reject,marketplace.stores,Transition roles; MFA=True,regra de transição comprovada; endpoint exige validação,modules/shared/domain_rules.py
compliance_officer,reject,marketplace.stores,Transition roles; MFA=True,regra de transição comprovada; endpoint exige validação,modules/shared/domain_rules.py
legal_representative,reject,marketplace.stores,Transition roles; MFA=True,regra de transição comprovada; endpoint exige validação,modules/shared/domain_rules.py
owner,reject,marketplace.stores,Transition roles; MFA=True,regra de transição comprovada; endpoint exige validação,modules/shared/domain_rules.py
sem papel explícito,submit,marketplace.stores,Transition roles; MFA=False,regra de transição comprovada; endpoint exige validação,modules/shared/domain_rules.py
sem papel explícito,accept,mobility.rides,Transition roles; MFA=False,regra de transição comprovada; endpoint exige validação,modules/shared/domain_rules.py
sem papel explícito,cancel,mobility.rides,Transition roles; MFA=False,regra de transição comprovada; endpoint exige validação,modules/shared/domain_rules.py
sem papel explícito,complete,mobility.rides,Transition roles; MFA=False,regra de transição comprovada; endpoint exige validação,modules/shared/domain_rules.py
sem papel explícito,use,mobility.tickets,Transition roles; MFA=False,regra de transição comprovada; endpoint exige validação,modules/shared/domain_rules.py
administrator,activate,property.leases,Transition roles; MFA=True,regra de transição comprovada; endpoint exige validação,modules/shared/domain_rules.py
auditor,activate,property.leases,Transition roles; MFA=True,regra de transição comprovada; endpoint exige validação,modules/shared/domain_rules.py
compliance_officer,activate,property.leases,Transition roles; MFA=True,regra de transição comprovada; endpoint exige validação,modules/shared/domain_rules.py
legal_representative,activate,property.leases,Transition roles; MFA=True,regra de transição comprovada; endpoint exige validação,modules/shared/domain_rules.py
owner,activate,property.leases,Transition roles; MFA=True,regra de transição comprovada; endpoint exige validação,modules/shared/domain_rules.py
administrator,terminate,property.leases,Transition roles; MFA=True,regra de transição comprovada; endpoint exige validação,modules/shared/domain_rules.py
auditor,terminate,property.leases,Transition roles; MFA=True,regra de transição comprovada; endpoint exige validação,modules/shared/domain_rules.py
compliance_officer,terminate,property.leases,Transition roles; MFA=True,regra de transição comprovada; endpoint exige validação,modules/shared/domain_rules.py
legal_representative,terminate,property.leases,Transition roles; MFA=True,regra de transição comprovada; endpoint exige validação,modules/shared/domain_rules.py
owner,terminate,property.leases,Transition roles; MFA=True,regra de transição comprovada; endpoint exige validação,modules/shared/domain_rules.py
administrator,complete,property.maintenance_orders,Transition roles; MFA=True,regra de transição comprovada; endpoint exige validação,modules/shared/domain_rules.py
auditor,complete,property.maintenance_orders,Transition roles; MFA=True,regra de transição comprovada; endpoint exige validação,modules/shared/domain_rules.py
compliance_officer,complete,property.maintenance_orders,Transition roles; MFA=True,regra de transição comprovada; endpoint exige validação,modules/shared/domain_rules.py
legal_representative,complete,property.maintenance_orders,Transition roles; MFA=True,regra de transição comprovada; endpoint exige validação,modules/shared/domain_rules.py
owner,complete,property.maintenance_orders,Transition roles; MFA=True,regra de transição comprovada; endpoint exige validação,modules/shared/domain_rules.py
sem papel explícito,schedule,property.maintenance_orders,Transition roles; MFA=False,regra de transição comprovada; endpoint exige validação,modules/shared/domain_rules.py
sem papel explícito,cancel,property.properties,Transition roles; MFA=False,regra de transição comprovada; endpoint exige validação,modules/shared/domain_rules.py
sem papel explícito,complete,property.properties,Transition roles; MFA=False,regra de transição comprovada; endpoint exige validação,modules/shared/domain_rules.py
administrator,pause,property.properties,Transition roles; MFA=True,regra de transição comprovada; endpoint exige validação,modules/shared/domain_rules.py
auditor,pause,property.properties,Transition roles; MFA=True,regra de transição comprovada; endpoint exige validação,modules/shared/domain_rules.py
compliance_officer,pause,property.properties,Transition roles; MFA=True,regra de transição comprovada; endpoint exige validação,modules/shared/domain_rules.py
legal_representative,pause,property.properties,Transition roles; MFA=True,regra de transição comprovada; endpoint exige validação,modules/shared/domain_rules.py
owner,pause,property.properties,Transition roles; MFA=True,regra de transição comprovada; endpoint exige validação,modules/shared/domain_rules.py
administrator,publish,property.properties,Transition roles; MFA=True,regra de transição comprovada; endpoint exige validação,modules/shared/domain_rules.py
auditor,publish,property.properties,Transition roles; MFA=True,regra de transição comprovada; endpoint exige validação,modules/shared/domain_rules.py
compliance_officer,publish,property.properties,Transition roles; MFA=True,regra de transição comprovada; endpoint exige validação,modules/shared/domain_rules.py
legal_representative,publish,property.properties,Transition roles; MFA=True,regra de transição comprovada; endpoint exige validação,modules/shared/domain_rules.py
owner,publish,property.properties,Transition roles; MFA=True,regra de transição comprovada; endpoint exige validação,modules/shared/domain_rules.py
sem papel explícito,submit,property.properties,Transition roles; MFA=False,regra de transição comprovada; endpoint exige validação,modules/shared/domain_rules.py
administrator,approve,riders.rider_profiles,Transition roles; MFA=True,regra de transição comprovada; endpoint exige validação,modules/shared/domain_rules.py
auditor,approve,riders.rider_profiles,Transition roles; MFA=True,regra de transição comprovada; endpoint exige validação,modules/shared/domain_rules.py
compliance_officer,approve,riders.rider_profiles,Transition roles; MFA=True,regra de transição comprovada; endpoint exige validação,modules/shared/domain_rules.py
legal_representative,approve,riders.rider_profiles,Transition roles; MFA=True,regra de transição comprovada; endpoint exige validação,modules/shared/domain_rules.py
owner,approve,riders.rider_profiles,Transition roles; MFA=True,regra de transição comprovada; endpoint exige validação,modules/shared/domain_rules.py
administrator,reject,riders.rider_profiles,Transition roles; MFA=True,regra de transição comprovada; endpoint exige validação,modules/shared/domain_rules.py
auditor,reject,riders.rider_profiles,Transition roles; MFA=True,regra de transição comprovada; endpoint exige validação,modules/shared/domain_rules.py
compliance_officer,reject,riders.rider_profiles,Transition roles; MFA=True,regra de transição comprovada; endpoint exige validação,modules/shared/domain_rules.py
legal_representative,reject,riders.rider_profiles,Transition roles; MFA=True,regra de transição comprovada; endpoint exige validação,modules/shared/domain_rules.py
owner,reject,riders.rider_profiles,Transition roles; MFA=True,regra de transição comprovada; endpoint exige validação,modules/shared/domain_rules.py
sem papel explícito,submit,riders.rider_profiles,Transition roles; MFA=False,regra de transição comprovada; endpoint exige validação,modules/shared/domain_rules.py
administrator,approve,riders.vehicles,Transition roles; MFA=True,regra de transição comprovada; endpoint exige validação,modules/shared/domain_rules.py
auditor,approve,riders.vehicles,Transition roles; MFA=True,regra de transição comprovada; endpoint exige validação,modules/shared/domain_rules.py
compliance_officer,approve,riders.vehicles,Transition roles; MFA=True,regra de transição comprovada; endpoint exige validação,modules/shared/domain_rules.py
legal_representative,approve,riders.vehicles,Transition roles; MFA=True,regra de transição comprovada; endpoint exige validação,modules/shared/domain_rules.py
owner,approve,riders.vehicles,Transition roles; MFA=True,regra de transição comprovada; endpoint exige validação,modules/shared/domain_rules.py
administrator,reject,riders.vehicles,Transition roles; MFA=True,regra de transição comprovada; endpoint exige validação,modules/shared/domain_rules.py
auditor,reject,riders.vehicles,Transition roles; MFA=True,regra de transição comprovada; endpoint exige validação,modules/shared/domain_rules.py
compliance_officer,reject,riders.vehicles,Transition roles; MFA=True,regra de transição comprovada; endpoint exige validação,modules/shared/domain_rules.py
legal_representative,reject,riders.vehicles,Transition roles; MFA=True,regra de transição comprovada; endpoint exige validação,modules/shared/domain_rules.py
owner,reject,riders.vehicles,Transition roles; MFA=True,regra de transição comprovada; endpoint exige validação,modules/shared/domain_rules.py
sem papel explícito,submit,riders.vehicles,Transition roles; MFA=False,regra de transição comprovada; endpoint exige validação,modules/shared/domain_rules.py
sem papel explícito,cancel,services.providers,Transition roles; MFA=False,regra de transição comprovada; endpoint exige validação,modules/shared/domain_rules.py
sem papel explícito,complete,services.providers,Transition roles; MFA=False,regra de transição comprovada; endpoint exige validação,modules/shared/domain_rules.py
administrator,pause,services.providers,Transition roles; MFA=True,regra de transição comprovada; endpoint exige validação,modules/shared/domain_rules.py
auditor,pause,services.providers,Transition roles; MFA=True,regra de transição comprovada; endpoint exige validação,modules/shared/domain_rules.py
compliance_officer,pause,services.providers,Transition roles; MFA=True,regra de transição comprovada; endpoint exige validação,modules/shared/domain_rules.py
legal_representative,pause,services.providers,Transition roles; MFA=True,regra de transição comprovada; endpoint exige validação,modules/shared/domain_rules.py
owner,pause,services.providers,Transition roles; MFA=True,regra de transição comprovada; endpoint exige validação,modules/shared/domain_rules.py
administrator,publish,services.providers,Transition roles; MFA=True,regra de transição comprovada; endpoint exige validação,modules/shared/domain_rules.py
auditor,publish,services.providers,Transition roles; MFA=True,regra de transição comprovada; endpoint exige validação,modules/shared/domain_rules.py
compliance_officer,publish,services.providers,Transition roles; MFA=True,regra de transição comprovada; endpoint exige validação,modules/shared/domain_rules.py
legal_representative,publish,services.providers,Transition roles; MFA=True,regra de transição comprovada; endpoint exige validação,modules/shared/domain_rules.py
owner,publish,services.providers,Transition roles; MFA=True,regra de transição comprovada; endpoint exige validação,modules/shared/domain_rules.py
sem papel explícito,submit,services.providers,Transition roles; MFA=False,regra de transição comprovada; endpoint exige validação,modules/shared/domain_rules.py
sem papel explícito,accept,services.service_contracts,Transition roles; MFA=False,regra de transição comprovada; endpoint exige validação,modules/shared/domain_rules.py
sem papel explícito,complete,services.service_contracts,Transition roles; MFA=False,regra de transição comprovada; endpoint exige validação,modules/shared/domain_rules.py
sem papel explícito,dispute,services.service_contracts,Transition roles; MFA=False,regra de transição comprovada; endpoint exige validação,modules/shared/domain_rules.py
sem papel explícito,cancel,stock.catalog_products,Transition roles; MFA=False,regra de transição comprovada; endpoint exige validação,modules/shared/domain_rules.py
sem papel explícito,complete,stock.catalog_products,Transition roles; MFA=False,regra de transição comprovada; endpoint exige validação,modules/shared/domain_rules.py
administrator,pause,stock.catalog_products,Transition roles; MFA=True,regra de transição comprovada; endpoint exige validação,modules/shared/domain_rules.py
auditor,pause,stock.catalog_products,Transition roles; MFA=True,regra de transição comprovada; endpoint exige validação,modules/shared/domain_rules.py
compliance_officer,pause,stock.catalog_products,Transition roles; MFA=True,regra de transição comprovada; endpoint exige validação,modules/shared/domain_rules.py
legal_representative,pause,stock.catalog_products,Transition roles; MFA=True,regra de transição comprovada; endpoint exige validação,modules/shared/domain_rules.py
owner,pause,stock.catalog_products,Transition roles; MFA=True,regra de transição comprovada; endpoint exige validação,modules/shared/domain_rules.py
administrator,publish,stock.catalog_products,Transition roles; MFA=True,regra de transição comprovada; endpoint exige validação,modules/shared/domain_rules.py
auditor,publish,stock.catalog_products,Transition roles; MFA=True,regra de transição comprovada; endpoint exige validação,modules/shared/domain_rules.py
compliance_officer,publish,stock.catalog_products,Transition roles; MFA=True,regra de transição comprovada; endpoint exige validação,modules/shared/domain_rules.py
legal_representative,publish,stock.catalog_products,Transition roles; MFA=True,regra de transição comprovada; endpoint exige validação,modules/shared/domain_rules.py
owner,publish,stock.catalog_products,Transition roles; MFA=True,regra de transição comprovada; endpoint exige validação,modules/shared/domain_rules.py
sem papel explícito,submit,stock.catalog_products,Transition roles; MFA=False,regra de transição comprovada; endpoint exige validação,modules/shared/domain_rules.py
sem papel explícito,acknowledge,stock.supplier_orders,Transition roles; MFA=False,regra de transição comprovada; endpoint exige validação,modules/shared/domain_rules.py
sem papel explícito,cancel,stock.supplier_orders,Transition roles; MFA=False,regra de transição comprovada; endpoint exige validação,modules/shared/domain_rules.py
sem papel explícito,deliver,stock.supplier_orders,Transition roles; MFA=False,regra de transição comprovada; endpoint exige validação,modules/shared/domain_rules.py
sem papel explícito,ship,stock.supplier_orders,Transition roles; MFA=False,regra de transição comprovada; endpoint exige validação,modules/shared/domain_rules.py
administrator,approve,stock.suppliers,Transition roles; MFA=True,regra de transição comprovada; endpoint exige validação,modules/shared/domain_rules.py
auditor,approve,stock.suppliers,Transition roles; MFA=True,regra de transição comprovada; endpoint exige validação,modules/shared/domain_rules.py
compliance_officer,approve,stock.suppliers,Transition roles; MFA=True,regra de transição comprovada; endpoint exige validação,modules/shared/domain_rules.py
legal_representative,approve,stock.suppliers,Transition roles; MFA=True,regra de transição comprovada; endpoint exige validação,modules/shared/domain_rules.py
owner,approve,stock.suppliers,Transition roles; MFA=True,regra de transição comprovada; endpoint exige validação,modules/shared/domain_rules.py
administrator,reject,stock.suppliers,Transition roles; MFA=True,regra de transição comprovada; endpoint exige validação,modules/shared/domain_rules.py
auditor,reject,stock.suppliers,Transition roles; MFA=True,regra de transição comprovada; endpoint exige validação,modules/shared/domain_rules.py
compliance_officer,reject,stock.suppliers,Transition roles; MFA=True,regra de transição comprovada; endpoint exige validação,modules/shared/domain_rules.py
legal_representative,reject,stock.suppliers,Transition roles; MFA=True,regra de transição comprovada; endpoint exige validação,modules/shared/domain_rules.py
owner,reject,stock.suppliers,Transition roles; MFA=True,regra de transição comprovada; endpoint exige validação,modules/shared/domain_rules.py
sem papel explícito,submit,stock.suppliers,Transition roles; MFA=False,regra de transição comprovada; endpoint exige validação,modules/shared/domain_rules.py
administrator,approve,tms.carriers,Transition roles; MFA=True,regra de transição comprovada; endpoint exige validação,modules/shared/domain_rules.py
auditor,approve,tms.carriers,Transition roles; MFA=True,regra de transição comprovada; endpoint exige validação,modules/shared/domain_rules.py
compliance_officer,approve,tms.carriers,Transition roles; MFA=True,regra de transição comprovada; endpoint exige validação,modules/shared/domain_rules.py
legal_representative,approve,tms.carriers,Transition roles; MFA=True,regra de transição comprovada; endpoint exige validação,modules/shared/domain_rules.py
owner,approve,tms.carriers,Transition roles; MFA=True,regra de transição comprovada; endpoint exige validação,modules/shared/domain_rules.py
administrator,reject,tms.carriers,Transition roles; MFA=True,regra de transição comprovada; endpoint exige validação,modules/shared/domain_rules.py
auditor,reject,tms.carriers,Transition roles; MFA=True,regra de transição comprovada; endpoint exige validação,modules/shared/domain_rules.py
compliance_officer,reject,tms.carriers,Transition roles; MFA=True,regra de transição comprovada; endpoint exige validação,modules/shared/domain_rules.py
legal_representative,reject,tms.carriers,Transition roles; MFA=True,regra de transição comprovada; endpoint exige validação,modules/shared/domain_rules.py
owner,reject,tms.carriers,Transition roles; MFA=True,regra de transição comprovada; endpoint exige validação,modules/shared/domain_rules.py
sem papel explícito,submit,tms.carriers,Transition roles; MFA=False,regra de transição comprovada; endpoint exige validação,modules/shared/domain_rules.py
administrator,close,tms.freight_audits,Transition roles; MFA=True,regra de transição comprovada; endpoint exige validação,modules/shared/domain_rules.py
auditor,close,tms.freight_audits,Transition roles; MFA=True,regra de transição comprovada; endpoint exige validação,modules/shared/domain_rules.py
compliance_officer,close,tms.freight_audits,Transition roles; MFA=True,regra de transição comprovada; endpoint exige validação,modules/shared/domain_rules.py
legal_representative,close,tms.freight_audits,Transition roles; MFA=True,regra de transição comprovada; endpoint exige validação,modules/shared/domain_rules.py
owner,close,tms.freight_audits,Transition roles; MFA=True,regra de transição comprovada; endpoint exige validação,modules/shared/domain_rules.py
administrator,approve,tms.freights,Transition roles; MFA=True,regra de transição comprovada; endpoint exige validação,modules/shared/domain_rules.py
auditor,approve,tms.freights,Transition roles; MFA=True,regra de transição comprovada; endpoint exige validação,modules/shared/domain_rules.py
compliance_officer,approve,tms.freights,Transition roles; MFA=True,regra de transição comprovada; endpoint exige validação,modules/shared/domain_rules.py
legal_representative,approve,tms.freights,Transition roles; MFA=True,regra de transição comprovada; endpoint exige validação,modules/shared/domain_rules.py
owner,approve,tms.freights,Transition roles; MFA=True,regra de transição comprovada; endpoint exige validação,modules/shared/domain_rules.py
administrator,complete,tms.freights,Transition roles; MFA=True,regra de transição comprovada; endpoint exige validação,modules/shared/domain_rules.py
auditor,complete,tms.freights,Transition roles; MFA=True,regra de transição comprovada; endpoint exige validação,modules/shared/domain_rules.py
compliance_officer,complete,tms.freights,Transition roles; MFA=True,regra de transição comprovada; endpoint exige validação,modules/shared/domain_rules.py
legal_representative,complete,tms.freights,Transition roles; MFA=True,regra de transição comprovada; endpoint exige validação,modules/shared/domain_rules.py
owner,complete,tms.freights,Transition roles; MFA=True,regra de transição comprovada; endpoint exige validação,modules/shared/domain_rules.py
sem papel explícito,dispatch,tms.freights,Transition roles; MFA=False,regra de transição comprovada; endpoint exige validação,modules/shared/domain_rules.py
sem papel explícito,activate,tms.routes,Transition roles; MFA=False,regra de transição comprovada; endpoint exige validação,modules/shared/domain_rules.py
sem papel explícito,cancel,vision.devices,Transition roles; MFA=False,regra de transição comprovada; endpoint exige validação,modules/shared/domain_rules.py
sem papel explícito,complete,vision.devices,Transition roles; MFA=False,regra de transição comprovada; endpoint exige validação,modules/shared/domain_rules.py
sem papel explícito,submit,vision.devices,Transition roles; MFA=False,regra de transição comprovada; endpoint exige validação,modules/shared/domain_rules.py
administrator,resolve,vision.motion_alerts,Transition roles; MFA=True,regra de transição comprovada; endpoint exige validação,modules/shared/domain_rules.py
auditor,resolve,vision.motion_alerts,Transition roles; MFA=True,regra de transição comprovada; endpoint exige validação,modules/shared/domain_rules.py
compliance_officer,resolve,vision.motion_alerts,Transition roles; MFA=True,regra de transição comprovada; endpoint exige validação,modules/shared/domain_rules.py
legal_representative,resolve,vision.motion_alerts,Transition roles; MFA=True,regra de transição comprovada; endpoint exige validação,modules/shared/domain_rules.py
owner,resolve,vision.motion_alerts,Transition roles; MFA=True,regra de transição comprovada; endpoint exige validação,modules/shared/domain_rules.py
administrator,triage,vision.motion_alerts,Transition roles; MFA=True,regra de transição comprovada; endpoint exige validação,modules/shared/domain_rules.py
auditor,triage,vision.motion_alerts,Transition roles; MFA=True,regra de transição comprovada; endpoint exige validação,modules/shared/domain_rules.py
compliance_officer,triage,vision.motion_alerts,Transition roles; MFA=True,regra de transição comprovada; endpoint exige validação,modules/shared/domain_rules.py
legal_representative,triage,vision.motion_alerts,Transition roles; MFA=True,regra de transição comprovada; endpoint exige validação,modules/shared/domain_rules.py
owner,triage,vision.motion_alerts,Transition roles; MFA=True,regra de transição comprovada; endpoint exige validação,modules/shared/domain_rules.py
administrator,pause,vision.streams,Transition roles; MFA=True,regra de transição comprovada; endpoint exige validação,modules/shared/domain_rules.py
auditor,pause,vision.streams,Transition roles; MFA=True,regra de transição comprovada; endpoint exige validação,modules/shared/domain_rules.py
compliance_officer,pause,vision.streams,Transition roles; MFA=True,regra de transição comprovada; endpoint exige validação,modules/shared/domain_rules.py
legal_representative,pause,vision.streams,Transition roles; MFA=True,regra de transição comprovada; endpoint exige validação,modules/shared/domain_rules.py
owner,pause,vision.streams,Transition roles; MFA=True,regra de transição comprovada; endpoint exige validação,modules/shared/domain_rules.py
administrator,resume,vision.streams,Transition roles; MFA=True,regra de transição comprovada; endpoint exige validação,modules/shared/domain_rules.py
auditor,resume,vision.streams,Transition roles; MFA=True,regra de transição comprovada; endpoint exige validação,modules/shared/domain_rules.py
compliance_officer,resume,vision.streams,Transition roles; MFA=True,regra de transição comprovada; endpoint exige validação,modules/shared/domain_rules.py
legal_representative,resume,vision.streams,Transition roles; MFA=True,regra de transição comprovada; endpoint exige validação,modules/shared/domain_rules.py
owner,resume,vision.streams,Transition roles; MFA=True,regra de transição comprovada; endpoint exige validação,modules/shared/domain_rules.py
sem papel explícito,cancel,wms.bins,Transition roles; MFA=False,regra de transição comprovada; endpoint exige validação,modules/shared/domain_rules.py
sem papel explícito,complete,wms.bins,Transition roles; MFA=False,regra de transição comprovada; endpoint exige validação,modules/shared/domain_rules.py
sem papel explícito,submit,wms.bins,Transition roles; MFA=False,regra de transição comprovada; endpoint exige validação,modules/shared/domain_rules.py
sem papel explícito,allocate,wms.inventory,Transition roles; MFA=False,regra de transição comprovada; endpoint exige validação,modules/shared/domain_rules.py
sem papel explícito,receive,wms.inventory,Transition roles; MFA=False,regra de transição comprovada; endpoint exige validação,modules/shared/domain_rules.py
administrator,close,wms.picking_waves,Transition roles; MFA=True,regra de transição comprovada; endpoint exige validação,modules/shared/domain_rules.py
auditor,close,wms.picking_waves,Transition roles; MFA=True,regra de transição comprovada; endpoint exige validação,modules/shared/domain_rules.py
compliance_officer,close,wms.picking_waves,Transition roles; MFA=True,regra de transição comprovada; endpoint exige validação,modules/shared/domain_rules.py
legal_representative,close,wms.picking_waves,Transition roles; MFA=True,regra de transição comprovada; endpoint exige validação,modules/shared/domain_rules.py
owner,close,wms.picking_waves,Transition roles; MFA=True,regra de transição comprovada; endpoint exige validação,modules/shared/domain_rules.py
sem papel explícito,pick,wms.picking_waves,Transition roles; MFA=False,regra de transição comprovada; endpoint exige validação,modules/shared/domain_rules.py
administrator,dispatch,wms.shipments,Transition roles; MFA=True,regra de transição comprovada; endpoint exige validação,modules/shared/domain_rules.py
auditor,dispatch,wms.shipments,Transition roles; MFA=True,regra de transição comprovada; endpoint exige validação,modules/shared/domain_rules.py
compliance_officer,dispatch,wms.shipments,Transition roles; MFA=True,regra de transição comprovada; endpoint exige validação,modules/shared/domain_rules.py
legal_representative,dispatch,wms.shipments,Transition roles; MFA=True,regra de transição comprovada; endpoint exige validação,modules/shared/domain_rules.py
owner,dispatch,wms.shipments,Transition roles; MFA=True,regra de transição comprovada; endpoint exige validação,modules/shared/domain_rules.py
sem papel explícito,cancel,wms.warehouses,Transition roles; MFA=False,regra de transição comprovada; endpoint exige validação,modules/shared/domain_rules.py
sem papel explícito,complete,wms.warehouses,Transition roles; MFA=False,regra de transição comprovada; endpoint exige validação,modules/shared/domain_rules.py
sem papel explícito,submit,wms.warehouses,Transition roles; MFA=False,regra de transição comprovada; endpoint exige validação,modules/shared/domain_rules.py
